effect,effect_label,flip_label,K,n_records,n_models,n_prompts,n_contexts,n_proposals,mean_score_delta,median_score_delta,mean_rank_delta,median_rank_delta,mean_rank_delta_if_harmed,p_any_rank_loss,p_any_rank_gain,p_exit_unconditional,p_exit_given_funded_base,p_exit_given_funded_base_ci_low,p_exit_given_funded_base_ci_high,p_exit_unconditional_ci_low,p_exit_unconditional_ci_high,mean_rank_delta_ci_low,mean_rank_delta_ci_high
ai_flag,AI usage: No → Yes,AI_N -> AI_Y,4,960.0,8.0,3.0,1.0,40.0,-0.062083333333333345,0.0,3.4927083333333333,0.0,12.203647416413373,0.34270833333333334,0.096875,0.05416666666666667,0.5416666666666666,0.43995890410958904,0.6666666666666666,0.035416666666666666,0.07398437499999998,2.8697395833333332,4.18546875
ai_flag,AI usage: No → Yes,AI_N -> AI_Y,5,960.0,8.0,3.0,1.0,40.0,-0.062083333333333345,0.0,3.4927083333333333,0.0,12.203647416413373,0.34270833333333334,0.096875,0.06875,0.55,0.4537617611147023,0.6759722222222222,0.04791666666666667,0.08958333333333333,2.8697395833333332,4.18546875
ai_flag,AI usage: No → Yes,AI_N -> AI_Y,6,960.0,8.0,3.0,1.0,40.0,-0.062083333333333345,0.0,3.4927083333333333,0.0,12.203647416413373,0.34270833333333334,0.096875,0.07395833333333333,0.4930555555555556,0.3925443081117928,0.6091031149301825,0.053125,0.09791666666666667,2.8697395833333332,4.18546875
ai_flag,AI usage: No → Yes,AI_N -> AI_Y,7,960.0,8.0,3.0,1.0,40.0,-0.062083333333333345,0.0,3.4927083333333333,0.0,12.203647416413373,0.34270833333333334,0.096875,0.0875,0.5,0.40119673443810056,0.6087298331966092,0.06458333333333334,0.11354166666666667,2.8697395833333332,4.18546875
ai_flag,AI usage: No → Yes,AI_N -> AI_Y,8,960.0,8.0,3.0,1.0,40.0,-0.062083333333333345,0.0,3.4927083333333333,0.0,12.203647416413373,0.34270833333333334,0.096875,0.09375,0.46875,0.3818088097469541,0.5654761904761905,0.07080729166666666,0.121875,2.8697395833333332,4.18546875
ai_flag,AI usage: No → Yes,AI_N -> AI_Y,9,960.0,8.0,3.0,1.0,40.0,-0.062083333333333345,0.0,3.4927083333333333,0.0,12.203647416413373,0.34270833333333334,0.096875,0.09791666666666667,0.4351851851851852,0.3472100083752094,0.5297517926089355,0.07395833333333333,0.12604166666666666,2.8697395833333332,4.18546875
ai_flag,AI usage: No → Yes,AI_N -> AI_Y,10,960.0,8.0,3.0,1.0,40.0,-0.062083333333333345,0.0,3.4927083333333333,0.0,12.203647416413373,0.34270833333333334,0.096875,0.10833333333333334,0.43333333333333335,0.3521579611218282,0.5240227574399323,0.08333333333333333,0.13645833333333332,2.8697395833333332,4.18546875
pi_inst_tier,Institute: Top-tier → Low-tier,TOP_I -> LOW_I,4,3840.0,8.0,3.0,4.0,40.0,-0.042994791666666664,0.0,2.1283854166666667,0.0,12.037545787545788,0.284375,0.13098958333333333,0.04739583333333333,0.4739583333333333,0.4049831364668267,0.5760075846060587,0.034895833333333334,0.06016276041666666,1.7897786458333333,2.5133463541666665
pi_inst_tier,Institute: Top-tier → Low-tier,TOP_I -> LOW_I,5,3840.0,8.0,3.0,4.0,40.0,-0.042994791666666664,0.0,2.1283854166666667,0.0,12.037545787545788,0.284375,0.13098958333333333,0.055989583333333336,0.4479166666666667,0.38559504609394385,0.5319234728894989,0.041666666666666664,0.07109375,1.7897786458333333,2.5133463541666665
pi_inst_tier,Institute: Top-tier → Low-tier,TOP_I -> LOW_I,6,3840.0,8.0,3.0,4.0,40.0,-0.042994791666666664,0.0,2.1283854166666667,0.0,12.037545787545788,0.284375,0.13098958333333333,0.0640625,0.4270833333333333,0.36567109171059353,0.5057057019308125,0.04791015625,0.08151041666666667,1.7897786458333333,2.5133463541666665
pi_inst_tier,Institute: Top-tier → Low-tier,TOP_I -> LOW_I,7,3840.0,8.0,3.0,4.0,40.0,-0.042994791666666664,0.0,2.1283854166666667,0.0,12.037545787545788,0.284375,0.13098958333333333,0.06953125,0.39732142857142855,0.3414558347931546,0.46827395313172115,0.053125,0.08697916666666666,1.7897786458333333,2.5133463541666665
pi_inst_tier,Institute: Top-tier → Low-tier,TOP_I -> LOW_I,8,3840.0,8.0,3.0,4.0,40.0,-0.042994791666666664,0.0,2.1283854166666667,0.0,12.037545787545788,0.284375,0.13098958333333333,0.07473958333333333,0.3736979166666667,0.32560312453643336,0.43668004796867105,0.05936848958333333,0.09348958333333333,1.7897786458333333,2.5133463541666665
pi_inst_tier,Institute: Top-tier → Low-tier,TOP_I -> LOW_I,9,3840.0,8.0,3.0,4.0,40.0,-0.042994791666666664,0.0,2.1283854166666667,0.0,12.037545787545788,0.284375,0.13098958333333333,0.08072916666666667,0.3587962962962963,0.3123418146317652,0.4176468289396923,0.06535807291666668,0.09871093749999998,1.7897786458333333,2.5133463541666665
pi_inst_tier,Institute: Top-tier → Low-tier,TOP_I -> LOW_I,10,3840.0,8.0,3.0,4.0,40.0,-0.042994791666666664,0.0,2.1283854166666667,0.0,12.037545787545788,0.284375,0.13098958333333333,0.08828125,0.353125,0.3085905997983871,0.40988105306724726,0.07212890625,0.10729817708333332,1.7897786458333333,2.5133463541666665
pi_metric_level,Profile: Higher → Lower,HIGH_B -> LOW_B,4,3840.0,8.0,3.0,4.0,40.0,-0.168984375,-0.10000000000000009,7.901822916666666,3.0,15.466470876162505,0.53203125,0.0359375,0.07239583333333334,0.7239583333333334,0.6512275707061248,0.8120071672354949,0.04920572916666666,0.09635416666666667,7.145742187500001,8.809752604166667
pi_metric_level,Profile: Higher → Lower,HIGH_B -> LOW_B,5,3840.0,8.0,3.0,4.0,40.0,-0.168984375,-0.10000000000000009,7.901822916666666,3.0,15.466470876162505,0.53203125,0.0359375,0.0859375,0.6875,0.618081540872562,0.7692359249329759,0.06145833333333333,0.11197916666666667,7.145742187500001,8.809752604166667
pi_metric_level,Profile: Higher → Lower,HIGH_B -> LOW_B,6,3840.0,8.0,3.0,4.0,40.0,-0.168984375,-0.10000000000000009,7.901822916666666,3.0,15.466470876162505,0.53203125,0.0359375,0.10130208333333333,0.6753472222222222,0.598016396877783,0.7577074718948364,0.07395833333333333,0.13151692708333332,7.145742187500001,8.809752604166667
pi_metric_level,Profile: Higher → Lower,HIGH_B -> LOW_B,7,3840.0,8.0,3.0,4.0,40.0,-0.168984375,-0.10000000000000009,7.901822916666666,3.0,15.466470876162505,0.53203125,0.0359375,0.11692708333333333,0.6681547619047619,0.5870488028355798,0.7495690068396921,0.08723307291666667,0.14817708333333332,7.145742187500001,8.809752604166667
pi_metric_level,Profile: Higher → Lower,HIGH_B -> LOW_B,8,3840.0,8.0,3.0,4.0,40.0,-0.168984375,-0.10000000000000009,7.901822916666666,3.0,15.466470876162505,0.53203125,0.0359375,0.13098958333333333,0.6549479166666666,0.5738937940082861,0.7370103459369761,0.09921223958333333,0.16484375,7.145742187500001,8.809752604166667
pi_metric_level,Profile: Higher → Lower,HIGH_B -> LOW_B,9,3840.0,8.0,3.0,4.0,40.0,-0.168984375,-0.10000000000000009,7.901822916666666,3.0,15.466470876162505,0.53203125,0.0359375,0.14609375,0.6493055555555556,0.570739532410264,0.7359012288447947,0.11276041666666667,0.1828255208333333,7.145742187500001,8.809752604166667
pi_metric_level,Profile: Higher → Lower,HIGH_B -> LOW_B,10,3840.0,8.0,3.0,4.0,40.0,-0.168984375,-0.10000000000000009,7.901822916666666,3.0,15.466470876162505,0.53203125,0.0359375,0.15963541666666667,0.6385416666666667,0.5621744639376218,0.723147205573034,0.12600911458333333,0.19662109375,7.145742187500001,8.809752604166667
pi_name_group,Name: Female → Male,F_N -> M_N,4,3840.0,8.0,3.0,4.0,40.0,-0.017734375,0.0,0.85859375,0.0,10.929133858267717,0.23151041666666666,0.1625,0.034375,0.34375,0.29429370777027025,0.41237435567010305,0.02265625,0.047141927083333326,0.5971223958333334,1.1231901041666668
pi_name_group,Name: Female → Male,F_N -> M_N,5,3840.0,8.0,3.0,4.0,40.0,-0.017734375,0.0,0.85859375,0.0,10.929133858267717,0.23151041666666666,0.1625,0.04010416666666667,0.32083333333333336,0.2714170506912442,0.3846335697399527,0.027864583333333335,0.05522135416666665,0.5971223958333334,1.1231901041666668
pi_name_group,Name: Female → Male,F_N -> M_N,6,3840.0,8.0,3.0,4.0,40.0,-0.017734375,0.0,0.85859375,0.0,10.929133858267717,0.23151041666666666,0.1625,0.04583333333333333,0.3055555555555556,0.26558408112099885,0.3608305887396956,0.03358723958333333,0.06015625,0.5971223958333334,1.1231901041666668
pi_name_group,Name: Female → Male,F_N -> M_N,7,3840.0,8.0,3.0,4.0,40.0,-0.017734375,0.0,0.85859375,0.0,10.929133858267717,0.23151041666666666,0.1625,0.05234375,0.29910714285714285,0.2588179636478086,0.349056768738621,0.039322916666666666,0.06666666666666667,0.5971223958333334,1.1231901041666668
pi_name_group,Name: Female → Male,F_N -> M_N,8,3840.0,8.0,3.0,4.0,40.0,-0.017734375,0.0,0.85859375,0.0,10.929133858267717,0.23151041666666666,0.1625,0.05625,0.28125,0.24412455541621267,0.32813325711382113,0.04348958333333333,0.07005208333333333,0.5971223958333334,1.1231901041666668
pi_name_group,Name: Female → Male,F_N -> M_N,9,3840.0,8.0,3.0,4.0,40.0,-0.017734375,0.0,0.85859375,0.0,10.929133858267717,0.23151041666666666,0.1625,0.0625,0.2777777777777778,0.2428567337587956,0.32281205164992827,0.04921875,0.078125,0.5971223958333334,1.1231901041666668
pi_name_group,Name: Female → Male,F_N -> M_N,10,3840.0,8.0,3.0,4.0,40.0,-0.017734375,0.0,0.85859375,0.0,10.929133858267717,0.23151041666666666,0.1625,0.06875,0.275,0.243893240117746,0.31825604265920715,0.055989583333333336,0.08307291666666666,0.5971223958333334,1.1231901041666668
