model_label,term,estimate,se,z_value,p_value,ci_low,ci_high,n_obs,n_texts,n_models,n_prompts,converged,p_value_holm
name_x_profile,Intercept,-0.008958333333332917,0.01126253275332599,-0.795410191432064,0.4263749335203788,-0.031032491904554593,0.013115825237888757,7680,40,8,3,True,1.0
name_x_profile,C(pi_name_group)[T.M_N],-0.019166666666666637,0.005686845984854906,-3.3703509322585696,0.0007507251119353382,-0.03031267998260847,-0.008020653350724808,7680,40,8,3,True,0.008257976231288721
name_x_profile,C(pi_metric_level)[T.LOW_B],-0.1704166666666671,0.005686845984854915,-29.966815897690402,2.6571213070717193e-197,-0.18156267998260894,-0.15927065335072527,7680,40,8,3,True,6.90851539838647e-196
name_x_profile,C(pi_name_group)[T.M_N]:C(pi_metric_level)[T.LOW_B],0.0028645833333333266,0.008042414718908791,0.3561844835728638,0.721702411288325,-0.012898259864462726,0.01862742653112938,7680,40,8,3,True,1.0
name_x_profile,Group Var,0.03999523179539594,,,,,,7680,40,8,3,True,
name_x_profile,model Var,0.4345987165252627,0.037382545941720524,11.625712095767986,3.0503909813735576e-31,0.36133027282907654,0.5078671602214488,7680,40,8,3,True,7.320938355296538e-30
name_x_profile,prompt Var,0.14481418256736225,0.02323305585913227,6.233109559302325,4.572661287060846e-10,0.09927822983265572,0.1903501353020688,7680,40,8,3,True,6.8589919305912685e-09
name_x_institution,Intercept,-0.11494791666666987,0.011073096537936875,-10.380828548983898,3.0313282288642235e-25,-0.1366507870783613,-0.09324504625497844,7680,40,8,3,False,6.062656457728447e-24
name_x_institution,C(pi_name_group)[T.M_N],-0.019166666666666655,0.006294524632572004,-3.044974447710592,0.0023270007925287103,-0.031503708246308,-0.006829625087025311,7680,40,8,3,False,0.023270007925287103
name_x_institution,C(pi_inst_tier)[T.TOP_I],0.04156249999999993,0.006294524632572002,6.602960894763725,4.030258819487319e-11,0.02922545842035859,0.053899541579641275,7680,40,8,3,False,7.657491757025907e-10
name_x_institution,C(pi_name_group)[T.M_N]:C(pi_inst_tier)[T.TOP_I],0.002864583333333335,0.008901802104074851,0.32179813703362997,0.7476056257263015,-0.014582628188156246,0.020311794854822915,7680,40,8,3,False,1.0
name_x_institution,Group Var,0.024029905903444795,,,,,,7680,40,8,3,False,
name_x_institution,model Var,0.36445028928151735,0.03319852551587832,10.977905904501894,4.881073820124445e-28,0.29938237493056186,0.42951820363247284,7680,40,8,3,False,1.0250255022261335e-26
name_x_institution,prompt Var,0.11557335027784986,0.01903066413014157,6.073006674254731,1.2553723553430744e-09,0.0782739339808941,0.1528727665748056,7680,40,8,3,False,1.757521297480304e-08
institution_x_profile,Intercept,-0.03666666666666532,0.01073140978158686,-3.416761396026329,0.0006337079427539271,-0.05769984334191641,-0.015633489991414225,7680,40,8,3,True,0.007604495313047125
institution_x_profile,C(pi_inst_tier)[T.TOP_I],0.036250000000000074,0.005647689786574996,6.418553668823876,1.3757510759530633e-10,0.02518073142245838,0.04731926857754177,7680,40,8,3,True,2.476351936715514e-09
institution_x_profile,C(pi_metric_level)[T.LOW_B],-0.17572916666666677,0.005647689786574996,-31.115229998005354,1.49893042198084e-212,-0.18679843524420847,-0.16465989808912507,7680,40,8,3,True,4.047112139348268e-211
institution_x_profile,C(pi_inst_tier)[T.TOP_I]:C(pi_metric_level)[T.LOW_B],0.013489583333333282,0.007987039492250362,1.6889340970984195,0.09123206009777238,-0.0021647264145765056,0.029143893081243072,7680,40,8,3,True,0.6354078664941447
institution_x_profile,Group Var,0.024960259079935813,,,,,,7680,40,8,3,True,
institution_x_profile,model Var,0.44844298978439245,0.03899524920403252,11.499939067911347,1.3200858596185478e-30,0.37201370577632453,0.5248722737924604,7680,40,8,3,True,3.03619747712266e-29
institution_x_profile,prompt Var,0.14577031987330294,0.023204167865752853,6.28207487192187,3.340838712094447e-10,0.10029098656520569,0.1912496531814002,7680,40,8,3,True,5.383657470437633e-09
full_two_way_model,Intercept,-0.0263671874999989,0.011182143560055731,-2.3579725442075694,0.01837505194029446,-0.04828378614766464,-0.004450588852333164,7680,40,8,3,True,0.14700041552235568
full_two_way_model,C(pi_name_group)[T.M_N],-0.02059895833333343,0.006907154101257072,-2.982264190339189,0.0028612497309526658,-0.034136731607465415,-0.007061185059201445,7680,40,8,3,True,0.025751247578573992
full_two_way_model,C(pi_metric_level)[T.LOW_B],-0.1771614583333335,0.006907154101257076,-25.64898013511683,4.340276312306707e-145,-0.1906992316074655,-0.1636236850592015,7680,40,8,3,True,1.0850690780766768e-143
full_two_way_model,C(pi_inst_tier)[T.TOP_I],0.034817708333333475,0.006907154101257076,5.040818233228181,4.6354559301283233e-07,0.02127993505920148,0.04835548160746547,7680,40,8,3,True,6.02609270916682e-06
full_two_way_model,C(pi_name_group)[T.M_N]:C(pi_metric_level)[T.LOW_B],0.0028645833333335773,0.007975694559390003,0.3591641219460975,0.7194723148883723,-0.012767490754762884,0.018496657421430036,7680,40,8,3,True,1.0
full_two_way_model,C(pi_name_group)[T.M_N]:C(pi_inst_tier)[T.TOP_I],0.0028645833333332837,0.007975694559390005,0.35916412194606057,0.7194723148883999,-0.01276749075476318,0.01849665742142975,7680,40,8,3,True,1.0
full_two_way_model,C(pi_inst_tier)[T.TOP_I]:C(pi_metric_level)[T.LOW_B],0.013489583333333216,0.007975694559390005,1.6913365015278272,0.0907725523563064,-0.002142490754763247,0.029121657421429678,7680,40,8,3,True,0.6354078664941447
full_two_way_model,Group Var,0.02222074494715051,,,,,,7680,40,8,3,True,
full_two_way_model,model Var,0.45162167723418745,0.03937948859869218,11.468449522962725,1.9003360452374475e-30,0.3744392978511451,0.5288040566172298,7680,40,8,3,True,4.1807392995223846e-29
full_two_way_model,prompt Var,0.1460249539810997,0.02321400423447327,6.290381982624508,3.166857335551549e-10,0.10052634174457177,0.19152356621762762,7680,40,8,3,True,5.383657470437633e-09
