pair_label,left_out_text_id,loo_mean_diff
Low-tier (inst.) - Top-tier (inst.),10.3030_101087383_full,-0.04262820512820512
Low-tier (inst.) - Top-tier (inst.),10.3030_101115751_full,-0.04318910256410256
Low-tier (inst.) - Top-tier (inst.),10.3030_101115790_full,-0.04289529914529914
Low-tier (inst.) - Top-tier (inst.),10.3030_101116284_full,-0.042494658119658114
Low-tier (inst.) - Top-tier (inst.),10.3030_101116420_full,-0.043189102564102556
Low-tier (inst.) - Top-tier (inst.),10.3030_101116585_full,-0.04324252136752137
Low-tier (inst.) - Top-tier (inst.),10.3030_101117133_full,-0.04313568376068375
Low-tier (inst.) - Top-tier (inst.),10.3030_101122653_full,-0.04206730769230769
Low-tier (inst.) - Top-tier (inst.),10.3030_101123732_full,-0.041479700854700846
Low-tier (inst.) - Top-tier (inst.),10.3030_101123955_full,-0.04356303418803418
Low-tier (inst.) - Top-tier (inst.),10.3030_101124193_full,-0.04358974358974358
Low-tier (inst.) - Top-tier (inst.),10.3030_101124195_full,-0.04302884615384615
Low-tier (inst.) - Top-tier (inst.),10.3030_101124225_full,-0.04292200854700854
Low-tier (inst.) - Top-tier (inst.),10.3030_101124385_full,-0.042654914529914524
Low-tier (inst.) - Top-tier (inst.),10.3030_101124778_full,-0.04342948717948718
Low-tier (inst.) - Top-tier (inst.),10.3030_101124960_full,-0.04345619658119658
Low-tier (inst.) - Top-tier (inst.),10.3030_101124977_full,-0.042120726495726485
Low-tier (inst.) - Top-tier (inst.),10.3030_101125203_full,-0.04204059829059829
Low-tier (inst.) - Top-tier (inst.),10.3030_101125325_full,-0.04412393162393161
Low-tier (inst.) - Top-tier (inst.),10.3030_101125401_full,-0.04361645299145299
Low-tier (inst.) - Top-tier (inst.),10.3030_101125480_full,-0.043349358974358966
Low-tier (inst.) - Top-tier (inst.),10.3030_101125586_full,-0.04342948717948718
Low-tier (inst.) - Top-tier (inst.),10.3030_101125590_full,-0.042654914529914524
Low-tier (inst.) - Top-tier (inst.),10.3030_101125953_full,-0.042521367521367516
Low-tier (inst.) - Top-tier (inst.),10.3030_101126218_full,-0.04455128205128204
Low-tier (inst.) - Top-tier (inst.),10.3030_101160588_full,-0.04361645299145298
Low-tier (inst.) - Top-tier (inst.),10.3030_101160608_full,-0.042841880341880335
Low-tier (inst.) - Top-tier (inst.),10.3030_101161294_full,-0.04318910256410255
Low-tier (inst.) - Top-tier (inst.),10.3030_101161771_full,-0.04324252136752136
Low-tier (inst.) - Top-tier (inst.),10.3030_101161846_full,-0.04329594017094016
Low-tier (inst.) - Top-tier (inst.),10.3030_101161961_full,-0.04294871794871794
Low-tier (inst.) - Top-tier (inst.),10.3030_101162146_full,-0.04260149572649572
Low-tier (inst.) - Top-tier (inst.),10.3030_101162166_full,-0.04353632478632478
Low-tier (inst.) - Top-tier (inst.),10.3030_101162665_full,-0.04222756410256409
Low-tier (inst.) - Top-tier (inst.),10.3030_101162753_full,-0.04273504273504273
Low-tier (inst.) - Top-tier (inst.),10.3030_101162838_full,-0.042494658119658114
Low-tier (inst.) - Top-tier (inst.),10.3030_101162903_full,-0.04366987179487179
Low-tier (inst.) - Top-tier (inst.),10.3030_101162908_full,-0.04276175213675213
Low-tier (inst.) - Top-tier (inst.),10.3030_101162980_full,-0.043482905982905974
Low-tier (inst.) - Top-tier (inst.),10.3030_101163069_full,-0.04177350427350427
Lower (profile) - Higher (profile),10.3030_101087383_full,-0.16912393162393163
Lower (profile) - Higher (profile),10.3030_101115751_full,-0.16813568376068377
Lower (profile) - Higher (profile),10.3030_101115790_full,-0.16912393162393163
Lower (profile) - Higher (profile),10.3030_101116284_full,-0.16760149572649571
Lower (profile) - Higher (profile),10.3030_101116420_full,-0.17069978632478633
Lower (profile) - Higher (profile),10.3030_101116585_full,-0.16818910256410258
Lower (profile) - Higher (profile),10.3030_101117133_full,-0.16888354700854702
Lower (profile) - Higher (profile),10.3030_101122653_full,-0.16845619658119657
Lower (profile) - Higher (profile),10.3030_101123732_full,-0.16899038461538463
Lower (profile) - Higher (profile),10.3030_101123955_full,-0.16989850427350428
Lower (profile) - Higher (profile),10.3030_101124193_full,-0.1702457264957265
Lower (profile) - Higher (profile),10.3030_101124195_full,-0.16925747863247861
Lower (profile) - Higher (profile),10.3030_101124225_full,-0.17080662393162394
Lower (profile) - Higher (profile),10.3030_101124385_full,-0.16931089743589742
Lower (profile) - Higher (profile),10.3030_101124778_full,-0.16939102564102565
Lower (profile) - Higher (profile),10.3030_101124960_full,-0.16840277777777776
Lower (profile) - Higher (profile),10.3030_101124977_full,-0.1675480769230769
Lower (profile) - Higher (profile),10.3030_101125203_full,-0.16805555555555554
Lower (profile) - Higher (profile),10.3030_101125325_full,-0.17056623931623935
Lower (profile) - Higher (profile),10.3030_101125401_full,-0.16904380341880343
Lower (profile) - Higher (profile),10.3030_101125480_full,-0.1687767094017094
Lower (profile) - Higher (profile),10.3030_101125586_full,-0.1704059829059829
Lower (profile) - Higher (profile),10.3030_101125590_full,-0.16931089743589742
Lower (profile) - Higher (profile),10.3030_101125953_full,-0.16997863247863249
Lower (profile) - Higher (profile),10.3030_101126218_full,-0.1686431623931624
Lower (profile) - Higher (profile),10.3030_101160588_full,-0.16963141025641026
Lower (profile) - Higher (profile),10.3030_101160608_full,-0.17104700854700855
Lower (profile) - Higher (profile),10.3030_101161294_full,-0.17027243589743593
Lower (profile) - Higher (profile),10.3030_101161771_full,-0.16535790598290598
Lower (profile) - Higher (profile),10.3030_101161846_full,-0.16781517094017095
Lower (profile) - Higher (profile),10.3030_101161961_full,-0.16874999999999998
Lower (profile) - Higher (profile),10.3030_101162146_full,-0.1675480769230769
Lower (profile) - Higher (profile),10.3030_101162166_full,-0.1703525641025641
Lower (profile) - Higher (profile),10.3030_101162665_full,-0.16669337606837606
Lower (profile) - Higher (profile),10.3030_101162753_full,-0.16794871794871793
Lower (profile) - Higher (profile),10.3030_101162838_full,-0.16899038461538457
Lower (profile) - Higher (profile),10.3030_101162903_full,-0.1674946581196581
Lower (profile) - Higher (profile),10.3030_101162908_full,-0.1690972222222222
Lower (profile) - Higher (profile),10.3030_101162980_full,-0.16949786324786323
Lower (profile) - Higher (profile),10.3030_101163069_full,-0.17003205128205126
Male (name) - Female (name),10.3030_101087383_full,-0.01746794871794872
Male (name) - Female (name),10.3030_101115751_full,-0.01669337606837607
Male (name) - Female (name),10.3030_101115790_full,-0.01768162393162393
Male (name) - Female (name),10.3030_101116284_full,-0.018402777777777775
Male (name) - Female (name),10.3030_101116420_full,-0.017708333333333336
Male (name) - Female (name),10.3030_101116585_full,-0.017761752136752136
Male (name) - Female (name),10.3030_101117133_full,-0.017761752136752136
Male (name) - Female (name),10.3030_101122653_full,-0.0171741452991453
Male (name) - Female (name),10.3030_101123732_full,-0.01690705128205128
Male (name) - Female (name),10.3030_101123955_full,-0.01781517094017094
Male (name) - Female (name),10.3030_101124193_full,-0.0172008547008547
Male (name) - Female (name),10.3030_101124195_full,-0.017548076923076923
Male (name) - Female (name),10.3030_101124225_full,-0.018402777777777775
Male (name) - Female (name),10.3030_101124385_full,-0.018349358974358975
Male (name) - Female (name),10.3030_101124778_full,-0.01768162393162393
Male (name) - Female (name),10.3030_101124960_full,-0.017120726495726494
Male (name) - Female (name),10.3030_101124977_full,-0.017922008547008546
Male (name) - Female (name),10.3030_101125203_full,-0.01794871794871795
Male (name) - Female (name),10.3030_101125325_full,-0.018055555555555557
Male (name) - Female (name),10.3030_101125401_full,-0.01824252136752137
Male (name) - Female (name),10.3030_101125480_full,-0.017601495726495726
Male (name) - Female (name),10.3030_101125586_full,-0.017788461538461538
Male (name) - Female (name),10.3030_101125590_full,-0.018028846153846156
Male (name) - Female (name),10.3030_101125953_full,-0.017521367521367518
Male (name) - Female (name),10.3030_101126218_full,-0.017254273504273505
Male (name) - Female (name),10.3030_101160588_full,-0.01829594017094017
Male (name) - Female (name),10.3030_101160608_full,-0.01688034188034188
Male (name) - Female (name),10.3030_101161294_full,-0.01813568376068376
Male (name) - Female (name),10.3030_101161771_full,-0.01781517094017094
Male (name) - Female (name),10.3030_101161846_full,-0.017013888888888887
Male (name) - Female (name),10.3030_101161961_full,-0.01794871794871795
Male (name) - Female (name),10.3030_101162146_full,-0.017548076923076923
Male (name) - Female (name),10.3030_101162166_full,-0.01800213675213675
Male (name) - Female (name),10.3030_101162665_full,-0.018028846153846156
Male (name) - Female (name),10.3030_101162753_full,-0.017788461538461538
Male (name) - Female (name),10.3030_101162838_full,-0.01829594017094017
Male (name) - Female (name),10.3030_101162903_full,-0.017601495726495726
Male (name) - Female (name),10.3030_101162908_full,-0.017815170940170943
Male (name) - Female (name),10.3030_101162980_full,-0.018215811965811967
Male (name) - Female (name),10.3030_101163069_full,-0.017948717948717947
Yes (AI) - No (AI),10.3030_101087383_full,-0.061965811965811975
Yes (AI) - No (AI),10.3030_101115751_full,-0.06153846153846155
Yes (AI) - No (AI),10.3030_101115790_full,-0.06164529914529915
Yes (AI) - No (AI),10.3030_101116284_full,-0.06346153846153846
Yes (AI) - No (AI),10.3030_101116420_full,-0.0623931623931624
Yes (AI) - No (AI),10.3030_101116585_full,-0.06292735042735044
Yes (AI) - No (AI),10.3030_101117133_full,-0.060042735042735045
Yes (AI) - No (AI),10.3030_101122653_full,-0.0607905982905983
Yes (AI) - No (AI),10.3030_101123732_full,-0.060042735042735045
Yes (AI) - No (AI),10.3030_101123955_full,-0.061538461538461535
Yes (AI) - No (AI),10.3030_101124193_full,-0.060897435897435896
Yes (AI) - No (AI),10.3030_101124195_full,-0.06239316239316239
Yes (AI) - No (AI),10.3030_101124225_full,-0.06282051282051282
Yes (AI) - No (AI),10.3030_101124385_full,-0.06111111111111112
Yes (AI) - No (AI),10.3030_101124778_full,-0.0639957264957265
Yes (AI) - No (AI),10.3030_101124960_full,-0.06388888888888888
Yes (AI) - No (AI),10.3030_101124977_full,-0.06250000000000001
Yes (AI) - No (AI),10.3030_101125203_full,-0.06164529914529915
Yes (AI) - No (AI),10.3030_101125325_full,-0.0626068376068376
Yes (AI) - No (AI),10.3030_101125401_full,-0.06292735042735044
Yes (AI) - No (AI),10.3030_101125480_full,-0.061431623931623935
Yes (AI) - No (AI),10.3030_101125586_full,-0.06121794871794872
Yes (AI) - No (AI),10.3030_101125590_full,-0.06228632478632479
Yes (AI) - No (AI),10.3030_101125953_full,-0.06314102564102564
Yes (AI) - No (AI),10.3030_101126218_full,-0.060576923076923084
Yes (AI) - No (AI),10.3030_101160588_full,-0.06346153846153846
Yes (AI) - No (AI),10.3030_101160608_full,-0.06132478632478632
Yes (AI) - No (AI),10.3030_101161294_full,-0.062179487179487174
Yes (AI) - No (AI),10.3030_101161771_full,-0.06111111111111111
Yes (AI) - No (AI),10.3030_101161846_full,-0.06399572649572649
Yes (AI) - No (AI),10.3030_101161961_full,-0.06175213675213675
Yes (AI) - No (AI),10.3030_101162146_full,-0.06271367521367521
Yes (AI) - No (AI),10.3030_101162166_full,-0.06217948717948719
Yes (AI) - No (AI),10.3030_101162665_full,-0.06164529914529915
Yes (AI) - No (AI),10.3030_101162753_full,-0.0639957264957265
Yes (AI) - No (AI),10.3030_101162838_full,-0.06335470085470085
Yes (AI) - No (AI),10.3030_101162903_full,-0.06185897435897436
Yes (AI) - No (AI),10.3030_101162908_full,-0.06111111111111111
Yes (AI) - No (AI),10.3030_101162980_full,-0.06132478632478632
Yes (AI) - No (AI),10.3030_101163069_full,-0.061538461538461535
